insert into departments (code, name, version) values ('P717', 'Accounting', current_timestamp());
insert into departments (code, name, version) values ('K409', 'Business Development', current_timestamp());
insert into departments (code, name, version) values ('W895', 'Engineering', current_timestamp());
insert into departments (code, name, version) values ('D993', 'Human Resources', current_timestamp());
insert into departments (code, name, version) values ('O264', 'Legal', current_timestamp());
insert into departments (code, name, version) values ('Z594', 'Marketing', current_timestamp());
insert into departments (code, name, version) values ('W163', 'Product Management', current_timestamp());
insert into departments (code, name, version) values ('Q744', 'Research and Development', current_timestamp());
insert into departments (code, name, version) values ('T180', 'Sales', current_timestamp());
insert into departments (code, name, version) values ('R394', 'Services', current_timestamp());
insert into departments (code, name, version) values ('C805', 'Support', current_timestamp());

insert into employees (first_name, last_name, hire_date, version) values ('Demetrius', 'MacCaughey', '2023-01-22', current_timestamp());
insert into employees (first_name, last_name, hire_date, version) values ('Janean', 'Branson', '2022-12-10', current_timestamp());
insert into employees (first_name, last_name, hire_date, version) values ('Lou', 'Ingledew', '2022-05-23', current_timestamp());
insert into employees (first_name, last_name, hire_date, version) values ('Sheeree', 'ONoulane', '2022-10-31', current_timestamp());
insert into employees (first_name, last_name, hire_date, version) values ('My', 'Stolberger', '2022-10-29', current_timestamp());
insert into employees (first_name, last_name, hire_date, version) values ('Janean', 'Vise', '2022-03-19', current_timestamp());
insert into employees (first_name, last_name, hire_date, version) values ('Wilbur', 'Anderl', '2022-09-08', current_timestamp());
insert into employees (first_name, last_name, hire_date, version) values ('Lonnard', 'Bullion', '2023-03-26', current_timestamp());
insert into employees (first_name, last_name, hire_date, version) values ('Rosemarie', 'Crowche', '2022-03-21', current_timestamp());
insert into employees (first_name, last_name, hire_date, version) values ('Gunter', 'Jaukovic', '2023-02-21', current_timestamp());
insert into employees (first_name, last_name, hire_date, version) values ('Maryjo', 'Culley', '2022-07-19', current_timestamp());
insert into employees (first_name, last_name, hire_date, version) values ('Corinne', 'Cufflin', '2022-01-18', current_timestamp());
insert into employees (first_name, last_name, hire_date, version) values ('Gar', 'Barwack', '2022-01-20', current_timestamp());
insert into employees (first_name, last_name, hire_date, version) values ('Vin', 'Hearst', '2022-03-19', current_timestamp());
insert into employees (first_name, last_name, hire_date, version) values ('Fritz', 'Mapston', '2022-03-07', current_timestamp());
insert into employees (first_name, last_name, hire_date, version) values ('Leroy', 'Dickey', '2022-05-05', current_timestamp());
insert into employees (first_name, last_name, hire_date, version) values ('Ferdy', 'Harbach', '2023-04-27', current_timestamp());
insert into employees (first_name, last_name, hire_date, version) values ('Rod', 'Gwioneth', '2022-04-12', current_timestamp());
insert into employees (first_name, last_name, hire_date, version) values ('Euell', 'Eastop', '2023-03-17', current_timestamp());
insert into employees (first_name, last_name, hire_date, version) values ('Prissie', 'Leddie', '2022-05-28', current_timestamp());
insert into employees (first_name, last_name, hire_date, version) values ('Madelene', 'Purselowe', '2022-12-20', current_timestamp());
insert into employees (first_name, last_name, hire_date, version) values ('Anastasia', 'Hryniewicz', '2023-03-27', current_timestamp());
insert into employees (first_name, last_name, hire_date, version) values ('Lisbeth', 'Penberthy', '2022-06-10', current_timestamp());
insert into employees (first_name, last_name, hire_date, version) values ('Klemens', 'Matisse', '2023-04-15', current_timestamp());
insert into employees (first_name, last_name, hire_date, version) values ('Jacquelyn', 'Andover', '2022-07-20', current_timestamp());
insert into employees (first_name, last_name, hire_date, version) values ('Nolana', 'Gorling', '2022-12-27', current_timestamp());
insert into employees (first_name, last_name, hire_date, version) values ('Drugi', 'Andrag', '2022-04-23', current_timestamp());
insert into employees (first_name, last_name, hire_date, version) values ('Correna', 'Stickley', '2022-05-06', current_timestamp());
insert into employees (first_name, last_name, hire_date, version) values ('Koo', 'Morpeth', '2023-01-10', current_timestamp());
insert into employees (first_name, last_name, hire_date, version) values ('Carina', 'Koppel', '2023-01-26', current_timestamp());
insert into employees (first_name, last_name, hire_date, version) values ('Hunfredo', 'Diess', '2022-12-10', current_timestamp());
insert into employees (first_name, last_name, hire_date, version) values ('Rikki', 'Hogsden', '2022-12-27', current_timestamp());
insert into employees (first_name, last_name, hire_date, version) values ('Carmelle', 'Lavigne', '2022-01-11', current_timestamp());
insert into employees (first_name, last_name, hire_date, version) values ('Bord', 'OCorren', '2022-02-07', current_timestamp());
insert into employees (first_name, last_name, hire_date, version) values ('Joey', 'Crim', '2022-05-20', current_timestamp());
insert into employees (first_name, last_name, hire_date, version) values ('Arie', 'Pye', '2023-01-12', current_timestamp());
insert into employees (first_name, last_name, hire_date, version) values ('Joyan', 'Plampin', '2022-09-27', current_timestamp());
insert into employees (first_name, last_name, hire_date, version) values ('Jessee', 'Gauden', '2023-01-23', current_timestamp());
insert into employees (first_name, last_name, hire_date, version) values ('Tarah', 'Case', '2022-07-18', current_timestamp());
insert into employees (first_name, last_name, hire_date, version) values ('Desdemona', 'MacCartair', '2022-08-06', current_timestamp());
insert into employees (first_name, last_name, hire_date, version) values ('Creigh', 'Vasyutichev', '2023-02-11', current_timestamp());
insert into employees (first_name, last_name, hire_date, version) values ('Troy', 'Aveson', '2023-03-10', current_timestamp());
insert into employees (first_name, last_name, hire_date, version) values ('Tracy', 'Dewdeny', '2022-02-27', current_timestamp());
insert into employees (first_name, last_name, hire_date, version) values ('Neville', 'Tremblay', '2022-10-21', current_timestamp());
insert into employees (first_name, last_name, hire_date, version) values ('Jocko', 'Wittrington', '2022-01-15', current_timestamp());
insert into employees (first_name, last_name, hire_date, version) values ('Damita', 'Galero', '2022-08-25', current_timestamp());
insert into employees (first_name, last_name, hire_date, version) values ('Yevette', 'McLaverty', '2023-05-17', current_timestamp());
insert into employees (first_name, last_name, hire_date, version) values ('Thornie', 'Yapp', '2022-01-25', current_timestamp());
insert into employees (first_name, last_name, hire_date, version) values ('Lombard', 'Geater', '2022-04-27', current_timestamp());
insert into employees (first_name, last_name, hire_date, version) values ('Leanna', 'Itshak', '2022-07-09', current_timestamp());
insert into employees (first_name, last_name, hire_date, version) values ('Edin', 'Bendan', '2022-09-30', current_timestamp());
insert into employees (first_name, last_name, hire_date, version) values ('La verne', 'Benediktsson', '2023-03-29', current_timestamp());
insert into employees (first_name, last_name, hire_date, version) values ('Kip', 'Champness', '2022-05-17', current_timestamp());
insert into employees (first_name, last_name, hire_date, version) values ('Penelope', 'Lots', '2022-05-24', current_timestamp());
insert into employees (first_name, last_name, hire_date, version) values ('Talya', 'Willingham', '2023-01-21', current_timestamp());
insert into employees (first_name, last_name, hire_date, version) values ('Arlee', 'Orgel', '2023-05-08', current_timestamp());
insert into employees (first_name, last_name, hire_date, version) values ('Erasmus', 'Sutcliff', '2023-02-22', current_timestamp());
insert into employees (first_name, last_name, hire_date, version) values ('Kerk', 'Scotsbrook', '2022-03-21', current_timestamp());
insert into employees (first_name, last_name, hire_date, version) values ('Marcia', 'Snowsill', '2023-04-29', current_timestamp());
insert into employees (first_name, last_name, hire_date, version) values ('Angelico', 'Cornall', '2022-06-20', current_timestamp());
insert into employees (first_name, last_name, hire_date, version) values ('Ramonda', 'Oxtiby', '2022-12-06', current_timestamp());
insert into employees (first_name, last_name, hire_date, version) values ('Tuck', 'Weld', '2022-03-25', current_timestamp());
insert into employees (first_name, last_name, hire_date, version) values ('Jorie', 'Glennon', '2023-01-21', current_timestamp());
insert into employees (first_name, last_name, hire_date, version) values ('Helge', 'Jehan', '2022-10-12', current_timestamp());
insert into employees (first_name, last_name, hire_date, version) values ('Ivar', 'Guiden', '2023-03-06', current_timestamp());
insert into employees (first_name, last_name, hire_date, version) values ('Donni', 'Babcock', '2022-02-23', current_timestamp());
insert into employees (first_name, last_name, hire_date, version) values ('Rakel', 'Warrener', '2022-04-28', current_timestamp());
insert into employees (first_name, last_name, hire_date, version) values ('Kaila', 'Simonds', '2023-05-13', current_timestamp());
insert into employees (first_name, last_name, hire_date, version) values ('Ilene', 'Yielding', '2022-11-12', current_timestamp());
insert into employees (first_name, last_name, hire_date, version) values ('Broderick', 'Wittke', '2022-10-03', current_timestamp());
insert into employees (first_name, last_name, hire_date, version) values ('Rosemonde', 'Gabbot', '2022-12-08', current_timestamp());
insert into employees (first_name, last_name, hire_date, version) values ('Yvor', 'Carden', '2022-01-31', current_timestamp());
insert into employees (first_name, last_name, hire_date, version) values ('Sherlock', 'Hessentaler', '2023-04-10', current_timestamp());
insert into employees (first_name, last_name, hire_date, version) values ('Bartolemo', 'Gerhardt', '2023-02-08', current_timestamp());
insert into employees (first_name, last_name, hire_date, version) values ('Suzette', 'Shimoni', '2022-02-19', current_timestamp());
insert into employees (first_name, last_name, hire_date, version) values ('Kalina', 'Woollam', '2022-07-13', current_timestamp());
insert into employees (first_name, last_name, hire_date, version) values ('Fritz', 'Paxforde', '2022-11-23', current_timestamp());
insert into employees (first_name, last_name, hire_date, version) values ('Marve', 'Sieb', '2022-02-25', current_timestamp());
insert into employees (first_name, last_name, hire_date, version) values ('Mari', 'Huzzay', '2023-04-09', current_timestamp());
insert into employees (first_name, last_name, hire_date, version) values ('Raphael', 'Jerrard', '2022-09-23', current_timestamp());
insert into employees (first_name, last_name, hire_date, version) values ('Catherine', 'Ponsford', '2022-01-06', current_timestamp());
insert into employees (first_name, last_name, hire_date, version) values ('Regine', 'Foxworthy', '2022-09-26', current_timestamp());
insert into employees (first_name, last_name, hire_date, version) values ('Adelice', 'Prandin', '2022-10-17', current_timestamp());
insert into employees (first_name, last_name, hire_date, version) values ('Jereme', 'Caffrey', '2022-08-16', current_timestamp());
insert into employees (first_name, last_name, hire_date, version) values ('Ardra', 'Normington', '2023-04-16', current_timestamp());
insert into employees (first_name, last_name, hire_date, version) values ('Ermin', 'Walas', '2023-04-23', current_timestamp());
insert into employees (first_name, last_name, hire_date, version) values ('Adiana', 'Pauncefort', '2022-11-19', current_timestamp());
insert into employees (first_name, last_name, hire_date, version) values ('Leesa', 'Knightley', '2023-04-12', current_timestamp());
insert into employees (first_name, last_name, hire_date, version) values ('Raddie', 'McNuff', '2022-06-17', current_timestamp());
insert into employees (first_name, last_name, hire_date, version) values ('Pansy', 'Carlill', '2023-01-01', current_timestamp());
insert into employees (first_name, last_name, hire_date, version) values ('Laural', 'Pabelik', '2023-02-01', current_timestamp());
insert into employees (first_name, last_name, hire_date, version) values ('Lorne', 'Treacy', '2022-07-01', current_timestamp());
insert into employees (first_name, last_name, hire_date, version) values ('Marnia', 'Jacobovitch', '2022-06-13', current_timestamp());
insert into employees (first_name, last_name, hire_date, version) values ('Gabriello', 'MacAree', '2022-01-23', current_timestamp());
insert into employees (first_name, last_name, hire_date, version) values ('Nita', 'Weeds', '2022-08-11', current_timestamp());
insert into employees (first_name, last_name, hire_date, version) values ('Kevin', 'Pepler', '2022-02-14', current_timestamp());
insert into employees (first_name, last_name, hire_date, version) values ('Toiboid', 'Bampkin', '2023-04-11', current_timestamp());
insert into employees (first_name, last_name, hire_date, version) values ('Cissiee', 'Scawton', '2022-05-25', current_timestamp());
insert into employees (first_name, last_name, hire_date, version) values ('Corrina', 'Bispham', '2022-06-02', current_timestamp());
insert into employees (first_name, last_name, hire_date, version) values ('Dene', 'Elles', '2022-07-01', current_timestamp());
insert into employees (first_name, last_name, hire_date, version) values ('Si', 'Jerger', '2022-03-06', current_timestamp());
insert into employees (first_name, last_name, hire_date, version) values ('Lianne', 'Gadie', '2023-01-07', current_timestamp());
insert into employees (first_name, last_name, hire_date, version) values ('Ryley', 'Ching', '2022-01-05', current_timestamp());
insert into employees (first_name, last_name, hire_date, version) values ('Kyle', 'Rewan', '2022-07-13', current_timestamp());
insert into employees (first_name, last_name, hire_date, version) values ('Cordula', 'Chastand', '2023-01-03', current_timestamp());
insert into employees (first_name, last_name, hire_date, version) values ('Terrel', 'Tilt', '2023-04-28', current_timestamp());
insert into employees (first_name, last_name, hire_date, version) values ('Merrili', 'Frances', '2022-11-24', current_timestamp());
insert into employees (first_name, last_name, hire_date, version) values ('Happy', 'Pohlak', '2023-03-15', current_timestamp());
insert into employees (first_name, last_name, hire_date, version) values ('Morty', 'Freckleton', '2022-04-10', current_timestamp());
insert into employees (first_name, last_name, hire_date, version) values ('Sukey', 'Oxton', '2022-09-29', current_timestamp());
insert into employees (first_name, last_name, hire_date, version) values ('Lurette', 'Corser', '2022-09-24', current_timestamp());
insert into employees (first_name, last_name, hire_date, version) values ('Francklin', 'Fulbrook', '2022-12-19', current_timestamp());
insert into employees (first_name, last_name, hire_date, version) values ('Sadye', 'Molder', '2022-12-29', current_timestamp());
insert into employees (first_name, last_name, hire_date, version) values ('Brande', 'Parades', '2023-04-05', current_timestamp());
insert into employees (first_name, last_name, hire_date, version) values ('Freddy', 'Maffy', '2022-11-21', current_timestamp());
insert into employees (first_name, last_name, hire_date, version) values ('Savina', 'Puleston', '2022-10-29', current_timestamp());
insert into employees (first_name, last_name, hire_date, version) values ('Ibby', 'Buxcey', '2023-04-29', current_timestamp());
insert into employees (first_name, last_name, hire_date, version) values ('Tallie', 'Shotboult', '2022-05-13', current_timestamp());
insert into employees (first_name, last_name, hire_date, version) values ('Barn', 'Butlin', '2022-07-17', current_timestamp());
insert into employees (first_name, last_name, hire_date, version) values ('Rhona', 'McKeon', '2023-02-01', current_timestamp());
insert into employees (first_name, last_name, hire_date, version) values ('Piper', 'Stooke', '2023-04-26', current_timestamp());
insert into employees (first_name, last_name, hire_date, version) values ('Dari', 'Maletratt', '2022-04-07', current_timestamp());
insert into employees (first_name, last_name, hire_date, version) values ('Hort', 'Golley', '2022-09-29', current_timestamp());
insert into employees (first_name, last_name, hire_date, version) values ('Port', 'Capps', '2022-06-13', current_timestamp());
insert into employees (first_name, last_name, hire_date, version) values ('Izaak', 'Doumic', '2022-10-15', current_timestamp());
insert into employees (first_name, last_name, hire_date, version) values ('Esmaria', 'Belitz', '2022-06-12', current_timestamp());
insert into employees (first_name, last_name, hire_date, version) values ('Stephenie', 'Lavies', '2022-10-14', current_timestamp());
insert into employees (first_name, last_name, hire_date, version) values ('Elfrida', 'Sneaker', '2022-02-12', current_timestamp());
insert into employees (first_name, last_name, hire_date, version) values ('Auguste', 'Samart', '2022-12-04', current_timestamp());
insert into employees (first_name, last_name, hire_date, version) values ('Prescott', 'Fould', '2022-09-14', current_timestamp());
insert into employees (first_name, last_name, hire_date, version) values ('Michelle', 'Tesseyman', '2022-08-12', current_timestamp());
insert into employees (first_name, last_name, hire_date, version) values ('Dyann', 'Odeson', '2022-11-15', current_timestamp());
insert into employees (first_name, last_name, hire_date, version) values ('Sigrid', 'Garrat', '2022-02-03', current_timestamp());
insert into employees (first_name, last_name, hire_date, version) values ('Cobby', 'Eagle', '2022-08-24', current_timestamp());
insert into employees (first_name, last_name, hire_date, version) values ('Ermanno', 'Mardlin', '2022-10-26', current_timestamp());
insert into employees (first_name, last_name, hire_date, version) values ('Norrie', 'Cainey', '2022-05-11', current_timestamp());
insert into employees (first_name, last_name, hire_date, version) values ('Leonard', 'Dunckley', '2022-08-24', current_timestamp());
insert into employees (first_name, last_name, hire_date, version) values ('Edithe', 'Southon', '2022-10-09', current_timestamp());
insert into employees (first_name, last_name, hire_date, version) values ('Mommy', 'Blatherwick', '2022-11-10', current_timestamp());
insert into employees (first_name, last_name, hire_date, version) values ('Gearalt', 'Maddinon', '2022-01-31', current_timestamp());
insert into employees (first_name, last_name, hire_date, version) values ('Jennette', 'Trevino', '2023-03-15', current_timestamp());
insert into employees (first_name, last_name, hire_date, version) values ('Maurizio', 'Humpherston', '2023-04-27', current_timestamp());
insert into employees (first_name, last_name, hire_date, version) values ('Den', 'Della', '2022-11-19', current_timestamp());
insert into employees (first_name, last_name, hire_date, version) values ('Daryn', 'Von Hindenburg', '2022-02-20', current_timestamp());
insert into employees (first_name, last_name, hire_date, version) values ('Jessa', 'Featherbie', '2023-05-17', current_timestamp());
insert into employees (first_name, last_name, hire_date, version) values ('Latia', 'Schuster', '2022-07-25', current_timestamp());
insert into employees (first_name, last_name, hire_date, version) values ('Codee', 'Merrington', '2023-01-29', current_timestamp());
insert into employees (first_name, last_name, hire_date, version) values ('Francis', 'Karsh', '2023-02-12', current_timestamp());
insert into employees (first_name, last_name, hire_date, version) values ('Sherwynd', 'MacPake', '2022-09-02', current_timestamp());
insert into employees (first_name, last_name, hire_date, version) values ('Gustaf', 'Freezer', '2023-02-01', current_timestamp());
insert into employees (first_name, last_name, hire_date, version) values ('Frank', 'Bollom', '2022-01-05', current_timestamp());
insert into employees (first_name, last_name, hire_date, version) values ('Sean', 'Size', '2022-10-04', current_timestamp());
insert into employees (first_name, last_name, hire_date, version) values ('Sadye', 'Houndsom', '2022-01-01', current_timestamp());
insert into employees (first_name, last_name, hire_date, version) values ('Guinna', 'Sharpless', '2023-02-27', current_timestamp());
insert into employees (first_name, last_name, hire_date, version) values ('Filmore', 'Manoch', '2022-07-15', current_timestamp());
insert into employees (first_name, last_name, hire_date, version) values ('Kincaid', 'Lafont', '2023-01-16', current_timestamp());
insert into employees (first_name, last_name, hire_date, version) values ('Grover', 'Swindles', '2022-05-24', current_timestamp());
insert into employees (first_name, last_name, hire_date, version) values ('Karel', 'Gullick', '2023-02-05', current_timestamp());
insert into employees (first_name, last_name, hire_date, version) values ('Henriette', 'Rudeforth', '2022-06-29', current_timestamp());
insert into employees (first_name, last_name, hire_date, version) values ('Florella', 'Sleightholme', '2023-04-07', current_timestamp());
insert into employees (first_name, last_name, hire_date, version) values ('Lianna', 'Bradman', '2023-04-04', current_timestamp());
insert into employees (first_name, last_name, hire_date, version) values ('Brett', 'Kiezler', '2022-05-14', current_timestamp());
insert into employees (first_name, last_name, hire_date, version) values ('Joline', 'Silman', '2022-12-04', current_timestamp());
insert into employees (first_name, last_name, hire_date, version) values ('Becka', 'Hemstead', '2023-03-31', current_timestamp());
insert into employees (first_name, last_name, hire_date, version) values ('Charlene', 'Vinsen', '2022-11-05', current_timestamp());
insert into employees (first_name, last_name, hire_date, version) values ('Elysia', 'Winman', '2022-04-11', current_timestamp());
insert into employees (first_name, last_name, hire_date, version) values ('Udall', 'McCree', '2022-01-12', current_timestamp());
insert into employees (first_name, last_name, hire_date, version) values ('Sigfried', 'MacGillivray', '2022-03-19', current_timestamp());
insert into employees (first_name, last_name, hire_date, version) values ('Lina', 'Spiteri', '2023-05-03', current_timestamp());
insert into employees (first_name, last_name, hire_date, version) values ('Barth', 'Cradock', '2022-09-08', current_timestamp());
insert into employees (first_name, last_name, hire_date, version) values ('Hailee', 'Ogilvy', '2022-06-15', current_timestamp());
insert into employees (first_name, last_name, hire_date, version) values ('Amargo', 'Ingon', '2022-07-06', current_timestamp());
insert into employees (first_name, last_name, hire_date, version) values ('Guillemette', 'Copley', '2022-03-29', current_timestamp());
insert into employees (first_name, last_name, hire_date, version) values ('Lindsey', 'Endrici', '2023-03-15', current_timestamp());
insert into employees (first_name, last_name, hire_date, version) values ('Vyky', 'Bier', '2022-04-22', current_timestamp());
insert into employees (first_name, last_name, hire_date, version) values ('Godfrey', 'Divis', '2023-01-24', current_timestamp());
insert into employees (first_name, last_name, hire_date, version) values ('Siana', 'Lutzmann', '2022-09-16', current_timestamp());
insert into employees (first_name, last_name, hire_date, version) values ('Iver', 'Alman', '2023-01-03', current_timestamp());
insert into employees (first_name, last_name, hire_date, version) values ('Xymenes', 'Dur', '2022-06-21', current_timestamp());
insert into employees (first_name, last_name, hire_date, version) values ('Jecho', 'Fiander', '2023-03-07', current_timestamp());
insert into employees (first_name, last_name, hire_date, version) values ('Amalle', 'Lloyd-Williams', '2022-08-27', current_timestamp());
insert into employees (first_name, last_name, hire_date, version) values ('Cori', 'Needs', '2023-01-04', current_timestamp());
insert into employees (first_name, last_name, hire_date, version) values ('Jen', 'Hurton', '2022-11-02', current_timestamp());
insert into employees (first_name, last_name, hire_date, version) values ('Kiel', 'Cuthbertson', '2023-02-03', current_timestamp());
insert into employees (first_name, last_name, hire_date, version) values ('Heida', 'Bunker', '2022-01-20', current_timestamp());
insert into employees (first_name, last_name, hire_date, version) values ('Sonia', 'Leeburne', '2022-06-29', current_timestamp());
insert into employees (first_name, last_name, hire_date, version) values ('Ellie', 'Gerber', '2023-01-05', current_timestamp());
insert into employees (first_name, last_name, hire_date, version) values ('Harp', 'Baddoe', '2022-04-29', current_timestamp());
insert into employees (first_name, last_name, hire_date, version) values ('Rick', 'Pailin', '2022-05-11', current_timestamp());
insert into employees (first_name, last_name, hire_date, version) values ('Kailey', 'Fenemore', '2022-10-02', current_timestamp());
insert into employees (first_name, last_name, hire_date, version) values ('Sybyl', 'Planks', '2023-03-27', current_timestamp());
insert into employees (first_name, last_name, hire_date, version) values ('Orella', 'Harses', '2022-01-24', current_timestamp());
insert into employees (first_name, last_name, hire_date, version) values ('Bobbee', 'Najera', '2022-12-12', current_timestamp());
insert into employees (first_name, last_name, hire_date, version) values ('Elka', 'Dumpleton', '2022-08-05', current_timestamp());
insert into employees (first_name, last_name, hire_date, version) values ('Zeb', 'Bankes', '2023-01-05', current_timestamp());
insert into employees (first_name, last_name, hire_date, version) values ('Edik', 'Rubertis', '2023-02-24', current_timestamp());
insert into employees (first_name, last_name, hire_date, version) values ('Florette', 'Sleany', '2022-09-23', current_timestamp());
insert into employees (first_name, last_name, hire_date, version) values ('Filberte', 'Durdle', '2022-11-05', current_timestamp());
insert into employees (first_name, last_name, hire_date, version) values ('Daryle', 'Crake', '2023-03-19', current_timestamp());
insert into employees (first_name, last_name, hire_date, version) values ('Tildy', 'Dursley', '2022-05-02', current_timestamp());

insert into department_employees (department_code, employee_id) values ('Q744', 1);
insert into department_employees (department_code, employee_id) values ('D993', 2);
insert into department_employees (department_code, employee_id) values ('T180', 3);
insert into department_employees (department_code, employee_id) values ('Z594', 4);
insert into department_employees (department_code, employee_id) values ('Z594', 5);
insert into department_employees (department_code, employee_id) values ('Z594', 6);
insert into department_employees (department_code, employee_id) values ('W163', 7);
insert into department_employees (department_code, employee_id) values ('P717', 8);
insert into department_employees (department_code, employee_id) values ('W163', 9);
insert into department_employees (department_code, employee_id) values ('W163', 10);
insert into department_employees (department_code, employee_id) values ('C805', 11);
insert into department_employees (department_code, employee_id) values ('P717', 12);
insert into department_employees (department_code, employee_id) values ('C805', 13);
insert into department_employees (department_code, employee_id) values ('O264', 14);
insert into department_employees (department_code, employee_id) values ('R394', 15);
insert into department_employees (department_code, employee_id) values ('R394', 16);
insert into department_employees (department_code, employee_id) values ('C805', 17);
insert into department_employees (department_code, employee_id) values ('Q744', 18);
insert into department_employees (department_code, employee_id) values ('D993', 19);
insert into department_employees (department_code, employee_id) values ('Q744', 20);
insert into department_employees (department_code, employee_id) values ('T180', 21);
insert into department_employees (department_code, employee_id) values ('C805', 22);
insert into department_employees (department_code, employee_id) values ('Q744', 23);
insert into department_employees (department_code, employee_id) values ('Z594', 24);
insert into department_employees (department_code, employee_id) values ('W895', 25);
insert into department_employees (department_code, employee_id) values ('R394', 26);
insert into department_employees (department_code, employee_id) values ('R394', 27);
insert into department_employees (department_code, employee_id) values ('T180', 28);
insert into department_employees (department_code, employee_id) values ('Q744', 29);
insert into department_employees (department_code, employee_id) values ('W895', 30);
insert into department_employees (department_code, employee_id) values ('K409', 31);
insert into department_employees (department_code, employee_id) values ('Z594', 32);
insert into department_employees (department_code, employee_id) values ('W895', 33);
insert into department_employees (department_code, employee_id) values ('Z594', 34);
insert into department_employees (department_code, employee_id) values ('W895', 35);
insert into department_employees (department_code, employee_id) values ('C805', 36);
insert into department_employees (department_code, employee_id) values ('O264', 37);
insert into department_employees (department_code, employee_id) values ('O264', 38);
insert into department_employees (department_code, employee_id) values ('W163', 39);
insert into department_employees (department_code, employee_id) values ('O264', 40);
insert into department_employees (department_code, employee_id) values ('Q744', 41);
insert into department_employees (department_code, employee_id) values ('W895', 42);
insert into department_employees (department_code, employee_id) values ('D993', 43);
insert into department_employees (department_code, employee_id) values ('O264', 44);
insert into department_employees (department_code, employee_id) values ('D993', 45);
insert into department_employees (department_code, employee_id) values ('P717', 46);
insert into department_employees (department_code, employee_id) values ('W163', 47);
insert into department_employees (department_code, employee_id) values ('P717', 48);
insert into department_employees (department_code, employee_id) values ('O264', 49);
insert into department_employees (department_code, employee_id) values ('Q744', 50);
insert into department_employees (department_code, employee_id) values ('D993', 51);
insert into department_employees (department_code, employee_id) values ('Z594', 52);
insert into department_employees (department_code, employee_id) values ('K409', 53);
insert into department_employees (department_code, employee_id) values ('W163', 54);
insert into department_employees (department_code, employee_id) values ('W163', 55);
insert into department_employees (department_code, employee_id) values ('D993', 56);
insert into department_employees (department_code, employee_id) values ('P717', 57);
insert into department_employees (department_code, employee_id) values ('P717', 58);
insert into department_employees (department_code, employee_id) values ('C805', 59);
insert into department_employees (department_code, employee_id) values ('K409', 60);
insert into department_employees (department_code, employee_id) values ('R394', 61);
insert into department_employees (department_code, employee_id) values ('R394', 62);
insert into department_employees (department_code, employee_id) values ('W163', 63);
insert into department_employees (department_code, employee_id) values ('C805', 64);
insert into department_employees (department_code, employee_id) values ('T180', 65);
insert into department_employees (department_code, employee_id) values ('Q744', 66);
insert into department_employees (department_code, employee_id) values ('Z594', 67);
insert into department_employees (department_code, employee_id) values ('Q744', 68);
insert into department_employees (department_code, employee_id) values ('W895', 69);
insert into department_employees (department_code, employee_id) values ('T180', 70);
insert into department_employees (department_code, employee_id) values ('R394', 71);
insert into department_employees (department_code, employee_id) values ('W895', 72);
insert into department_employees (department_code, employee_id) values ('O264', 73);
insert into department_employees (department_code, employee_id) values ('O264', 74);
insert into department_employees (department_code, employee_id) values ('R394', 75);
insert into department_employees (department_code, employee_id) values ('W895', 76);
insert into department_employees (department_code, employee_id) values ('C805', 77);
insert into department_employees (department_code, employee_id) values ('W163', 78);
insert into department_employees (department_code, employee_id) values ('P717', 79);
insert into department_employees (department_code, employee_id) values ('Z594', 80);
insert into department_employees (department_code, employee_id) values ('Q744', 81);
insert into department_employees (department_code, employee_id) values ('P717', 82);
insert into department_employees (department_code, employee_id) values ('Z594', 83);
insert into department_employees (department_code, employee_id) values ('D993', 84);
insert into department_employees (department_code, employee_id) values ('K409', 85);
insert into department_employees (department_code, employee_id) values ('Q744', 86);
insert into department_employees (department_code, employee_id) values ('W163', 87);
insert into department_employees (department_code, employee_id) values ('P717', 88);
insert into department_employees (department_code, employee_id) values ('D993', 89);
insert into department_employees (department_code, employee_id) values ('K409', 90);
insert into department_employees (department_code, employee_id) values ('D993', 91);
insert into department_employees (department_code, employee_id) values ('O264', 92);
insert into department_employees (department_code, employee_id) values ('Z594', 93);
insert into department_employees (department_code, employee_id) values ('Q744', 94);
insert into department_employees (department_code, employee_id) values ('P717', 95);
insert into department_employees (department_code, employee_id) values ('T180', 96);
insert into department_employees (department_code, employee_id) values ('O264', 97);
insert into department_employees (department_code, employee_id) values ('P717', 98);
insert into department_employees (department_code, employee_id) values ('Z594', 99);
insert into department_employees (department_code, employee_id) values ('K409', 100);
insert into department_employees (department_code, employee_id) values ('W895', 101);
insert into department_employees (department_code, employee_id) values ('W895', 102);
insert into department_employees (department_code, employee_id) values ('R394', 103);
insert into department_employees (department_code, employee_id) values ('R394', 104);
insert into department_employees (department_code, employee_id) values ('Q744', 105);
insert into department_employees (department_code, employee_id) values ('P717', 106);
insert into department_employees (department_code, employee_id) values ('K409', 107);
insert into department_employees (department_code, employee_id) values ('W163', 108);
insert into department_employees (department_code, employee_id) values ('W895', 109);
insert into department_employees (department_code, employee_id) values ('W163', 110);
insert into department_employees (department_code, employee_id) values ('C805', 111);
insert into department_employees (department_code, employee_id) values ('R394', 112);
insert into department_employees (department_code, employee_id) values ('P717', 113);
insert into department_employees (department_code, employee_id) values ('T180', 114);
insert into department_employees (department_code, employee_id) values ('P717', 115);
insert into department_employees (department_code, employee_id) values ('Q744', 116);
insert into department_employees (department_code, employee_id) values ('W163', 117);
insert into department_employees (department_code, employee_id) values ('R394', 118);
insert into department_employees (department_code, employee_id) values ('Q744', 119);
insert into department_employees (department_code, employee_id) values ('D993', 120);
insert into department_employees (department_code, employee_id) values ('P717', 121);
insert into department_employees (department_code, employee_id) values ('Q744', 122);
insert into department_employees (department_code, employee_id) values ('D993', 123);
insert into department_employees (department_code, employee_id) values ('T180', 124);
insert into department_employees (department_code, employee_id) values ('D993', 125);
insert into department_employees (department_code, employee_id) values ('W163', 126);
insert into department_employees (department_code, employee_id) values ('Q744', 127);
insert into department_employees (department_code, employee_id) values ('K409', 128);
insert into department_employees (department_code, employee_id) values ('C805', 129);
insert into department_employees (department_code, employee_id) values ('Z594', 130);
insert into department_employees (department_code, employee_id) values ('C805', 131);
insert into department_employees (department_code, employee_id) values ('Q744', 132);
insert into department_employees (department_code, employee_id) values ('O264', 133);
insert into department_employees (department_code, employee_id) values ('Z594', 134);
insert into department_employees (department_code, employee_id) values ('P717', 135);
insert into department_employees (department_code, employee_id) values ('P717', 136);
insert into department_employees (department_code, employee_id) values ('C805', 137);
insert into department_employees (department_code, employee_id) values ('W895', 138);
insert into department_employees (department_code, employee_id) values ('K409', 139);
insert into department_employees (department_code, employee_id) values ('O264', 140);
insert into department_employees (department_code, employee_id) values ('C805', 141);
insert into department_employees (department_code, employee_id) values ('Z594', 142);
insert into department_employees (department_code, employee_id) values ('P717', 143);
insert into department_employees (department_code, employee_id) values ('T180', 144);
insert into department_employees (department_code, employee_id) values ('W163', 145);
insert into department_employees (department_code, employee_id) values ('K409', 146);
insert into department_employees (department_code, employee_id) values ('Z594', 147);
insert into department_employees (department_code, employee_id) values ('Q744', 148);
insert into department_employees (department_code, employee_id) values ('R394', 149);
insert into department_employees (department_code, employee_id) values ('P717', 150);
insert into department_employees (department_code, employee_id) values ('P717', 151);
insert into department_employees (department_code, employee_id) values ('D993', 152);
insert into department_employees (department_code, employee_id) values ('C805', 153);
insert into department_employees (department_code, employee_id) values ('C805', 154);
insert into department_employees (department_code, employee_id) values ('O264', 155);
insert into department_employees (department_code, employee_id) values ('P717', 156);
insert into department_employees (department_code, employee_id) values ('W895', 157);
insert into department_employees (department_code, employee_id) values ('Z594', 158);
insert into department_employees (department_code, employee_id) values ('K409', 159);
insert into department_employees (department_code, employee_id) values ('D993', 160);
insert into department_employees (department_code, employee_id) values ('D993', 161);
insert into department_employees (department_code, employee_id) values ('K409', 162);
insert into department_employees (department_code, employee_id) values ('K409', 163);
insert into department_employees (department_code, employee_id) values ('W163', 164);
insert into department_employees (department_code, employee_id) values ('C805', 165);
insert into department_employees (department_code, employee_id) values ('W895', 166);
insert into department_employees (department_code, employee_id) values ('W163', 167);
insert into department_employees (department_code, employee_id) values ('W895', 168);
insert into department_employees (department_code, employee_id) values ('W895', 169);
insert into department_employees (department_code, employee_id) values ('C805', 170);
insert into department_employees (department_code, employee_id) values ('Q744', 171);
insert into department_employees (department_code, employee_id) values ('W895', 172);
insert into department_employees (department_code, employee_id) values ('R394', 173);
insert into department_employees (department_code, employee_id) values ('P717', 174);
insert into department_employees (department_code, employee_id) values ('W163', 175);
insert into department_employees (department_code, employee_id) values ('W163', 176);
insert into department_employees (department_code, employee_id) values ('K409', 177);
insert into department_employees (department_code, employee_id) values ('Q744', 178);
insert into department_employees (department_code, employee_id) values ('D993', 179);
insert into department_employees (department_code, employee_id) values ('D993', 180);
insert into department_employees (department_code, employee_id) values ('Q744', 181);
insert into department_employees (department_code, employee_id) values ('C805', 182);
insert into department_employees (department_code, employee_id) values ('Q744', 183);
insert into department_employees (department_code, employee_id) values ('Z594', 184);
insert into department_employees (department_code, employee_id) values ('R394', 185);
insert into department_employees (department_code, employee_id) values ('C805', 186);
insert into department_employees (department_code, employee_id) values ('P717', 187);
insert into department_employees (department_code, employee_id) values ('C805', 188);
insert into department_employees (department_code, employee_id) values ('Q744', 189);
insert into department_employees (department_code, employee_id) values ('O264', 190);
insert into department_employees (department_code, employee_id) values ('W895', 191);
insert into department_employees (department_code, employee_id) values ('Q744', 192);
insert into department_employees (department_code, employee_id) values ('W163', 193);
insert into department_employees (department_code, employee_id) values ('R394', 194);
insert into department_employees (department_code, employee_id) values ('D993', 195);
insert into department_employees (department_code, employee_id) values ('T180', 196);
insert into department_employees (department_code, employee_id) values ('R394', 197);
insert into department_employees (department_code, employee_id) values ('W163', 198);
insert into department_employees (department_code, employee_id) values ('Z594', 199);
insert into department_employees (department_code, employee_id) values ('D993', 200);

insert into department_manager (department_code, employee_id) values ('C805', 141);
insert into department_manager (department_code, employee_id) values ('D993', 125);
insert into department_manager (department_code, employee_id) values ('K409', 100);
insert into department_manager (department_code, employee_id) values ('O264', 14);
insert into department_manager (department_code, employee_id) values ('P717', 121);
insert into department_manager (department_code, employee_id) values ('Q744', 41);
insert into department_manager (department_code, employee_id) values ('R394', 185);
insert into department_manager (department_code, employee_id) values ('T180', 65);
insert into department_manager (department_code, employee_id) values ('W163', 54);
insert into department_manager (department_code, employee_id) values ('W895', 76);
insert into department_manager (department_code, employee_id) values ('Z594', 83);

insert into employee_titles (employee_id, from_date, title) values (1, '2022-09-10', 'Automation Specialist III');
insert into employee_titles (employee_id, from_date, title) values (2, '2022-01-19', 'VP Accounting');
insert into employee_titles (employee_id, from_date, title) values (3, '2022-07-04', 'Senior Quality Engineer');
insert into employee_titles (employee_id, from_date, title) values (4, '2022-05-04', 'Electrical Engineer');
insert into employee_titles (employee_id, from_date, title) values (5, '2022-12-09', 'Product Engineer');
insert into employee_titles (employee_id, from_date, title) values (6, '2022-07-02', 'Administrative Assistant III');
insert into employee_titles (employee_id, from_date, title) values (7, '2022-07-06', 'Cost Accountant');
insert into employee_titles (employee_id, from_date, title) values (8, '2022-08-09', 'Quality Control Specialist');
insert into employee_titles (employee_id, from_date, title) values (9, '2023-04-23', 'Internal Auditor');
insert into employee_titles (employee_id, from_date, title) values (10, '2023-02-06', 'Information Systems Manager');
insert into employee_titles (employee_id, from_date, title) values (11, '2022-12-05', 'Senior Financial Analyst');
insert into employee_titles (employee_id, from_date, title) values (12, '2022-02-10', 'Paralegal');
insert into employee_titles (employee_id, from_date, title) values (13, '2022-06-13', 'Actuary');
insert into employee_titles (employee_id, from_date, title) values (14, '2023-04-03', 'Speech Pathologist');
insert into employee_titles (employee_id, from_date, title) values (15, '2022-11-19', 'Recruiter');
insert into employee_titles (employee_id, from_date, title) values (16, '2022-10-08', 'Community Outreach Specialist');
insert into employee_titles (employee_id, from_date, title) values (17, '2022-05-30', 'Developer I');
insert into employee_titles (employee_id, from_date, title) values (18, '2022-01-31', 'Software Engineer III');
insert into employee_titles (employee_id, from_date, title) values (19, '2022-10-23', 'Marketing Manager');
insert into employee_titles (employee_id, from_date, title) values (20, '2023-04-15', 'Quality Engineer');
insert into employee_titles (employee_id, from_date, title) values (21, '2023-02-16', 'Administrative Officer');
insert into employee_titles (employee_id, from_date, title) values (22, '2023-04-23', 'Systems Administrator III');
insert into employee_titles (employee_id, from_date, title) values (23, '2022-07-20', 'Senior Financial Analyst');
insert into employee_titles (employee_id, from_date, title) values (24, '2022-09-17', 'Paralegal');
insert into employee_titles (employee_id, from_date, title) values (25, '2023-03-10', 'Financial Analyst');
insert into employee_titles (employee_id, from_date, title) values (26, '2022-09-19', 'Chemical Engineer');
insert into employee_titles (employee_id, from_date, title) values (27, '2022-12-31', 'Human Resources Manager');
insert into employee_titles (employee_id, from_date, title) values (28, '2022-05-12', 'Teacher');
insert into employee_titles (employee_id, from_date, title) values (29, '2022-09-03', 'Product Engineer');
insert into employee_titles (employee_id, from_date, title) values (30, '2023-04-12', 'Computer Systems Analyst IV');
insert into employee_titles (employee_id, from_date, title) values (31, '2022-07-02', 'Paralegal');
insert into employee_titles (employee_id, from_date, title) values (32, '2022-02-17', 'Environmental Specialist');
insert into employee_titles (employee_id, from_date, title) values (33, '2022-04-19', 'Graphic Designer');
insert into employee_titles (employee_id, from_date, title) values (34, '2022-06-18', 'Associate Professor');
insert into employee_titles (employee_id, from_date, title) values (35, '2023-01-04', 'Geological Engineer');
insert into employee_titles (employee_id, from_date, title) values (36, '2022-10-23', 'Quality Control Specialist');
insert into employee_titles (employee_id, from_date, title) values (37, '2022-03-18', 'Civil Engineer');
insert into employee_titles (employee_id, from_date, title) values (38, '2022-02-18', 'Recruiter');
insert into employee_titles (employee_id, from_date, title) values (39, '2022-11-26', 'Data Coordinator');
insert into employee_titles (employee_id, from_date, title) values (40, '2022-03-20', 'Food Chemist');
insert into employee_titles (employee_id, from_date, title) values (41, '2022-06-26', 'Assistant Media Planner');
insert into employee_titles (employee_id, from_date, title) values (42, '2022-03-07', 'Civil Engineer');
insert into employee_titles (employee_id, from_date, title) values (43, '2022-12-31', 'VP Marketing');
insert into employee_titles (employee_id, from_date, title) values (44, '2022-08-20', 'Payment Adjustment Coordinator');
insert into employee_titles (employee_id, from_date, title) values (45, '2022-01-11', 'Software Test Engineer II');
insert into employee_titles (employee_id, from_date, title) values (46, '2022-04-27', 'Dental Hygienist');
insert into employee_titles (employee_id, from_date, title) values (47, '2022-01-15', 'VP Sales');
insert into employee_titles (employee_id, from_date, title) values (48, '2022-08-13', 'Graphic Designer');
insert into employee_titles (employee_id, from_date, title) values (49, '2022-10-05', 'Product Engineer');
insert into employee_titles (employee_id, from_date, title) values (50, '2022-02-21', 'Help Desk Technician');
insert into employee_titles (employee_id, from_date, title) values (51, '2022-07-17', 'Director of Sales');
insert into employee_titles (employee_id, from_date, title) values (52, '2022-03-03', 'Analog Circuit Design manager');
insert into employee_titles (employee_id, from_date, title) values (53, '2022-07-10', 'Quality Engineer');
insert into employee_titles (employee_id, from_date, title) values (54, '2022-04-15', 'Budget/Accounting Analyst IV');
insert into employee_titles (employee_id, from_date, title) values (55, '2023-04-24', 'Staff Scientist');
insert into employee_titles (employee_id, from_date, title) values (56, '2023-01-10', 'Office Assistant IV');
insert into employee_titles (employee_id, from_date, title) values (57, '2022-04-11', 'Payment Adjustment Coordinator');
insert into employee_titles (employee_id, from_date, title) values (58, '2022-04-12', 'Actuary');
insert into employee_titles (employee_id, from_date, title) values (59, '2022-02-11', 'VP Product Management');
insert into employee_titles (employee_id, from_date, title) values (60, '2022-12-31', 'Safety Technician I');
insert into employee_titles (employee_id, from_date, title) values (61, '2023-03-28', 'Nurse Practicioner');
insert into employee_titles (employee_id, from_date, title) values (62, '2022-11-14', 'Media Manager II');
insert into employee_titles (employee_id, from_date, title) values (63, '2023-04-02', 'Database Administrator III');
insert into employee_titles (employee_id, from_date, title) values (64, '2022-06-16', 'Electrical Engineer');
insert into employee_titles (employee_id, from_date, title) values (65, '2022-09-16', 'Physical Therapy Assistant');
insert into employee_titles (employee_id, from_date, title) values (66, '2022-11-29', 'Staff Accountant II');
insert into employee_titles (employee_id, from_date, title) values (67, '2023-02-13', 'Budget/Accounting Analyst IV');
insert into employee_titles (employee_id, from_date, title) values (68, '2023-03-01', 'Senior Quality Engineer');
insert into employee_titles (employee_id, from_date, title) values (69, '2022-05-20', 'Data Coordinator');
insert into employee_titles (employee_id, from_date, title) values (70, '2022-05-21', 'VP Quality Control');
insert into employee_titles (employee_id, from_date, title) values (71, '2022-08-03', 'Social Worker');
insert into employee_titles (employee_id, from_date, title) values (72, '2023-04-27', 'Accounting Assistant IV');
insert into employee_titles (employee_id, from_date, title) values (73, '2022-05-13', 'Database Administrator I');
insert into employee_titles (employee_id, from_date, title) values (74, '2022-10-26', 'Nurse Practicioner');
insert into employee_titles (employee_id, from_date, title) values (75, '2022-07-29', 'Director of Sales');
insert into employee_titles (employee_id, from_date, title) values (76, '2023-04-03', 'Nurse');
insert into employee_titles (employee_id, from_date, title) values (77, '2022-07-13', 'Structural Analysis Engineer');
insert into employee_titles (employee_id, from_date, title) values (78, '2022-02-19', 'Analog Circuit Design manager');
insert into employee_titles (employee_id, from_date, title) values (79, '2023-04-30', 'Marketing Manager');
insert into employee_titles (employee_id, from_date, title) values (80, '2022-10-07', 'Quality Control Specialist');
insert into employee_titles (employee_id, from_date, title) values (81, '2022-09-28', 'Geologist I');
insert into employee_titles (employee_id, from_date, title) values (82, '2023-01-27', 'Engineer IV');
insert into employee_titles (employee_id, from_date, title) values (83, '2022-03-30', 'Senior Sales Associate');
insert into employee_titles (employee_id, from_date, title) values (84, '2022-05-19', 'Assistant Professor');
insert into employee_titles (employee_id, from_date, title) values (85, '2023-03-06', 'Editor');
insert into employee_titles (employee_id, from_date, title) values (86, '2023-03-02', 'Staff Scientist');
insert into employee_titles (employee_id, from_date, title) values (87, '2022-05-25', 'Systems Administrator II');
insert into employee_titles (employee_id, from_date, title) values (88, '2022-12-12', 'Nurse');
insert into employee_titles (employee_id, from_date, title) values (89, '2022-04-02', 'GIS Technical Architect');
insert into employee_titles (employee_id, from_date, title) values (90, '2022-12-30', 'Information Systems Manager');
insert into employee_titles (employee_id, from_date, title) values (91, '2022-08-21', 'Pharmacist');
insert into employee_titles (employee_id, from_date, title) values (92, '2022-08-26', 'Marketing Assistant');
insert into employee_titles (employee_id, from_date, title) values (93, '2022-05-16', 'Staff Scientist');
insert into employee_titles (employee_id, from_date, title) values (94, '2022-08-14', 'VP Sales');
insert into employee_titles (employee_id, from_date, title) values (95, '2022-12-31', 'Senior Cost Accountant');
insert into employee_titles (employee_id, from_date, title) values (96, '2022-01-03', 'Nuclear Power Engineer');
insert into employee_titles (employee_id, from_date, title) values (97, '2022-04-26', 'Account Executive');
insert into employee_titles (employee_id, from_date, title) values (98, '2022-03-25', 'Chief Design Engineer');
insert into employee_titles (employee_id, from_date, title) values (99, '2022-09-01', 'Senior Sales Associate');
insert into employee_titles (employee_id, from_date, title) values (100, '2022-09-08', 'Project Manager');
insert into employee_titles (employee_id, from_date, title) values (101, '2022-08-20', 'Administrative Assistant IV');
insert into employee_titles (employee_id, from_date, title) values (102, '2022-02-19', 'Human Resources Assistant II');
insert into employee_titles (employee_id, from_date, title) values (103, '2022-04-14', 'Associate Professor');
insert into employee_titles (employee_id, from_date, title) values (104, '2022-04-10', 'Environmental Specialist');
insert into employee_titles (employee_id, from_date, title) values (105, '2022-03-23', 'Project Manager');
insert into employee_titles (employee_id, from_date, title) values (106, '2022-02-15', 'Chemical Engineer');
insert into employee_titles (employee_id, from_date, title) values (107, '2023-02-03', 'Associate Professor');
insert into employee_titles (employee_id, from_date, title) values (108, '2022-06-14', 'Business Systems Development Analyst');
insert into employee_titles (employee_id, from_date, title) values (109, '2023-04-08', 'Junior Executive');
insert into employee_titles (employee_id, from_date, title) values (110, '2023-05-06', 'Staff Accountant III');
insert into employee_titles (employee_id, from_date, title) values (111, '2022-10-04', 'Technical Writer');
insert into employee_titles (employee_id, from_date, title) values (112, '2022-11-21', 'Internal Auditor');
insert into employee_titles (employee_id, from_date, title) values (113, '2022-08-22', 'Database Administrator I');
insert into employee_titles (employee_id, from_date, title) values (114, '2022-11-23', 'Account Executive');
insert into employee_titles (employee_id, from_date, title) values (115, '2022-09-14', 'Executive Secretary');
insert into employee_titles (employee_id, from_date, title) values (116, '2022-11-08', 'Geologist IV');
insert into employee_titles (employee_id, from_date, title) values (117, '2022-04-06', 'Payment Adjustment Coordinator');
insert into employee_titles (employee_id, from_date, title) values (118, '2022-12-12', 'Junior Executive');
insert into employee_titles (employee_id, from_date, title) values (119, '2022-12-15', 'Junior Executive');
insert into employee_titles (employee_id, from_date, title) values (120, '2022-02-27', 'Design Engineer');
insert into employee_titles (employee_id, from_date, title) values (121, '2022-11-24', 'Compensation Analyst');
insert into employee_titles (employee_id, from_date, title) values (122, '2022-11-20', 'Chemical Engineer');
insert into employee_titles (employee_id, from_date, title) values (123, '2023-05-17', 'VP Product Management');
insert into employee_titles (employee_id, from_date, title) values (124, '2022-04-30', 'Director of Sales');
insert into employee_titles (employee_id, from_date, title) values (125, '2022-04-27', 'Programmer I');
insert into employee_titles (employee_id, from_date, title) values (126, '2022-10-23', 'Clinical Specialist');
insert into employee_titles (employee_id, from_date, title) values (127, '2023-05-05', 'Tax Accountant');
insert into employee_titles (employee_id, from_date, title) values (128, '2022-06-05', 'Software Engineer II');
insert into employee_titles (employee_id, from_date, title) values (129, '2022-07-02', 'Financial Advisor');
insert into employee_titles (employee_id, from_date, title) values (130, '2023-01-29', 'Senior Quality Engineer');
insert into employee_titles (employee_id, from_date, title) values (131, '2023-03-31', 'Physical Therapy Assistant');
insert into employee_titles (employee_id, from_date, title) values (132, '2022-11-02', 'Administrative Officer');
insert into employee_titles (employee_id, from_date, title) values (133, '2022-08-04', 'Payment Adjustment Coordinator');
insert into employee_titles (employee_id, from_date, title) values (134, '2022-09-13', 'Data Coordinator');
insert into employee_titles (employee_id, from_date, title) values (135, '2022-08-14', 'Health Coach II');
insert into employee_titles (employee_id, from_date, title) values (136, '2022-10-15', 'Analog Circuit Design manager');
insert into employee_titles (employee_id, from_date, title) values (137, '2023-04-20', 'Associate Professor');
insert into employee_titles (employee_id, from_date, title) values (138, '2023-05-08', 'Librarian');
insert into employee_titles (employee_id, from_date, title) values (139, '2022-08-07', 'Librarian');
insert into employee_titles (employee_id, from_date, title) values (140, '2023-03-17', 'Budget/Accounting Analyst III');
insert into employee_titles (employee_id, from_date, title) values (141, '2022-12-30', 'Recruiter');
insert into employee_titles (employee_id, from_date, title) values (142, '2022-09-10', 'Director of Sales');
insert into employee_titles (employee_id, from_date, title) values (143, '2022-07-15', 'Staff Scientist');
insert into employee_titles (employee_id, from_date, title) values (144, '2022-12-29', 'Administrative Officer');
insert into employee_titles (employee_id, from_date, title) values (145, '2022-08-16', 'Cost Accountant');
insert into employee_titles (employee_id, from_date, title) values (146, '2022-09-19', 'Accountant IV');
insert into employee_titles (employee_id, from_date, title) values (147, '2022-01-19', 'Sales Associate');
insert into employee_titles (employee_id, from_date, title) values (148, '2022-08-21', 'Financial Analyst');
insert into employee_titles (employee_id, from_date, title) values (149, '2023-01-23', 'Design Engineer');
insert into employee_titles (employee_id, from_date, title) values (150, '2022-02-22', 'Staff Scientist');
insert into employee_titles (employee_id, from_date, title) values (151, '2022-08-11', 'Account Coordinator');
insert into employee_titles (employee_id, from_date, title) values (152, '2023-03-19', 'Cost Accountant');
insert into employee_titles (employee_id, from_date, title) values (153, '2022-12-20', 'Operator');
insert into employee_titles (employee_id, from_date, title) values (154, '2023-04-10', 'Senior Quality Engineer');
insert into employee_titles (employee_id, from_date, title) values (155, '2023-03-21', 'Registered Nurse');
insert into employee_titles (employee_id, from_date, title) values (156, '2022-12-31', 'Web Developer I');
insert into employee_titles (employee_id, from_date, title) values (157, '2022-02-17', 'Human Resources Manager');
insert into employee_titles (employee_id, from_date, title) values (158, '2022-10-10', 'Human Resources Manager');
insert into employee_titles (employee_id, from_date, title) values (159, '2022-06-13', 'General Manager');
insert into employee_titles (employee_id, from_date, title) values (160, '2022-08-09', 'Director of Sales');
insert into employee_titles (employee_id, from_date, title) values (161, '2022-09-01', 'Administrative Officer');
insert into employee_titles (employee_id, from_date, title) values (162, '2022-02-09', 'Statistician II');
insert into employee_titles (employee_id, from_date, title) values (163, '2022-02-28', 'Clinical Specialist');
insert into employee_titles (employee_id, from_date, title) values (164, '2022-03-08', 'Senior Editor');
insert into employee_titles (employee_id, from_date, title) values (165, '2022-04-02', 'Software Engineer IV');
insert into employee_titles (employee_id, from_date, title) values (166, '2022-06-05', 'Pharmacist');
insert into employee_titles (employee_id, from_date, title) values (167, '2022-10-19', 'Budget/Accounting Analyst IV');
insert into employee_titles (employee_id, from_date, title) values (168, '2022-01-17', 'Structural Engineer');
insert into employee_titles (employee_id, from_date, title) values (169, '2022-10-15', 'Physical Therapy Assistant');
insert into employee_titles (employee_id, from_date, title) values (170, '2022-09-07', 'Safety Technician III');
insert into employee_titles (employee_id, from_date, title) values (171, '2023-02-27', 'Account Coordinator');
insert into employee_titles (employee_id, from_date, title) values (172, '2023-02-13', 'Human Resources Manager');
insert into employee_titles (employee_id, from_date, title) values (173, '2022-12-18', 'Dental Hygienist');
insert into employee_titles (employee_id, from_date, title) values (174, '2022-01-31', 'Nuclear Power Engineer');
insert into employee_titles (employee_id, from_date, title) values (175, '2022-12-13', 'Dental Hygienist');
insert into employee_titles (employee_id, from_date, title) values (176, '2022-08-29', 'Community Outreach Specialist');
insert into employee_titles (employee_id, from_date, title) values (177, '2023-05-01', 'Civil Engineer');
insert into employee_titles (employee_id, from_date, title) values (178, '2022-06-21', 'Web Designer II');
insert into employee_titles (employee_id, from_date, title) values (179, '2023-03-16', 'Product Engineer');
insert into employee_titles (employee_id, from_date, title) values (180, '2023-03-20', 'Social Worker');
insert into employee_titles (employee_id, from_date, title) values (181, '2022-10-29', 'Software Consultant');
insert into employee_titles (employee_id, from_date, title) values (182, '2022-01-31', 'Payment Adjustment Coordinator');
insert into employee_titles (employee_id, from_date, title) values (183, '2023-03-19', 'Account Representative IV');
insert into employee_titles (employee_id, from_date, title) values (184, '2022-03-12', 'Senior Quality Engineer');
insert into employee_titles (employee_id, from_date, title) values (185, '2022-09-29', 'Business Systems Development Analyst');
insert into employee_titles (employee_id, from_date, title) values (186, '2023-01-01', 'Marketing Manager');
insert into employee_titles (employee_id, from_date, title) values (187, '2023-02-07', 'Quality Control Specialist');
insert into employee_titles (employee_id, from_date, title) values (188, '2022-06-10', 'Director of Sales');
insert into employee_titles (employee_id, from_date, title) values (189, '2022-10-03', 'Project Manager');
insert into employee_titles (employee_id, from_date, title) values (190, '2023-04-22', 'Sales Representative');
insert into employee_titles (employee_id, from_date, title) values (191, '2023-03-16', 'Account Executive');
insert into employee_titles (employee_id, from_date, title) values (192, '2022-06-11', 'Account Executive');
insert into employee_titles (employee_id, from_date, title) values (193, '2023-03-12', 'Administrative Assistant II');
insert into employee_titles (employee_id, from_date, title) values (194, '2023-01-23', 'Marketing Manager');
insert into employee_titles (employee_id, from_date, title) values (195, '2023-04-30', 'Clinical Specialist');
insert into employee_titles (employee_id, from_date, title) values (196, '2022-05-14', 'Food Chemist');
insert into employee_titles (employee_id, from_date, title) values (197, '2022-11-23', 'Sales Associate');
insert into employee_titles (employee_id, from_date, title) values (198, '2022-07-23', 'Physical Therapy Assistant');
insert into employee_titles (employee_id, from_date, title) values (199, '2022-04-23', 'Junior Executive');
insert into employee_titles (employee_id, from_date, title) values (200, '2022-10-21', 'Civil Engineer');
insert into employee_titles (employee_id, from_date, title) values (1, '2022-12-23', 'Research Assistant IV');
insert into employee_titles (employee_id, from_date, title) values (2, '2023-01-04', 'Compensation Analyst');
insert into employee_titles (employee_id, from_date, title) values (3, '2022-01-24', 'Tax Accountant');
insert into employee_titles (employee_id, from_date, title) values (4, '2023-02-27', 'Cost Accountant');
insert into employee_titles (employee_id, from_date, title) values (5, '2022-09-27', 'Nurse Practicioner');
insert into employee_titles (employee_id, from_date, title) values (6, '2023-03-18', 'Accounting Assistant III');
insert into employee_titles (employee_id, from_date, title) values (7, '2022-10-02', 'Legal Assistant');
insert into employee_titles (employee_id, from_date, title) values (8, '2022-05-23', 'Business Systems Development Analyst');
insert into employee_titles (employee_id, from_date, title) values (9, '2023-05-01', 'VP Product Management');
insert into employee_titles (employee_id, from_date, title) values (10, '2022-11-14', 'Mechanical Systems Engineer');
insert into employee_titles (employee_id, from_date, title) values (11, '2023-01-12', 'Director of Sales');
insert into employee_titles (employee_id, from_date, title) values (12, '2022-12-15', 'Help Desk Operator');
insert into employee_titles (employee_id, from_date, title) values (13, '2022-12-29', 'Research Nurse');
insert into employee_titles (employee_id, from_date, title) values (14, '2022-11-27', 'Civil Engineer');
insert into employee_titles (employee_id, from_date, title) values (15, '2022-02-17', 'Senior Sales Associate');
insert into employee_titles (employee_id, from_date, title) values (16, '2022-04-16', 'Budget/Accounting Analyst IV');
insert into employee_titles (employee_id, from_date, title) values (17, '2022-12-25', 'Financial Analyst');
insert into employee_titles (employee_id, from_date, title) values (18, '2022-02-24', 'Sales Representative');
insert into employee_titles (employee_id, from_date, title) values (19, '2023-01-06', 'VP Quality Control');
insert into employee_titles (employee_id, from_date, title) values (20, '2022-05-09', 'Teacher');
insert into employee_titles (employee_id, from_date, title) values (21, '2022-07-10', 'Software Consultant');
insert into employee_titles (employee_id, from_date, title) values (22, '2022-09-19', 'VP Quality Control');
insert into employee_titles (employee_id, from_date, title) values (23, '2022-11-19', 'VP Sales');
insert into employee_titles (employee_id, from_date, title) values (24, '2022-08-18', 'Payment Adjustment Coordinator');
insert into employee_titles (employee_id, from_date, title) values (25, '2022-05-19', 'Systems Administrator I');
insert into employee_titles (employee_id, from_date, title) values (26, '2022-03-03', 'Clinical Specialist');
insert into employee_titles (employee_id, from_date, title) values (27, '2022-10-17', 'Director of Sales');
insert into employee_titles (employee_id, from_date, title) values (28, '2023-02-02', 'Compensation Analyst');
insert into employee_titles (employee_id, from_date, title) values (29, '2023-03-07', 'Operator');
insert into employee_titles (employee_id, from_date, title) values (30, '2022-11-04', 'Mechanical Systems Engineer');
insert into employee_titles (employee_id, from_date, title) values (31, '2022-08-13', 'Mechanical Systems Engineer');
insert into employee_titles (employee_id, from_date, title) values (32, '2023-04-20', 'Senior Financial Analyst');
insert into employee_titles (employee_id, from_date, title) values (33, '2022-01-19', 'GIS Technical Architect');
insert into employee_titles (employee_id, from_date, title) values (34, '2022-10-22', 'Statistician IV');
insert into employee_titles (employee_id, from_date, title) values (35, '2022-11-09', 'Statistician IV');
insert into employee_titles (employee_id, from_date, title) values (36, '2023-02-10', 'Account Executive');
insert into employee_titles (employee_id, from_date, title) values (37, '2023-05-15', 'Quality Engineer');
insert into employee_titles (employee_id, from_date, title) values (38, '2023-02-17', 'Research Associate');
insert into employee_titles (employee_id, from_date, title) values (39, '2022-08-30', 'Design Engineer');
insert into employee_titles (employee_id, from_date, title) values (40, '2022-05-12', 'Data Coordinator');
insert into employee_titles (employee_id, from_date, title) values (41, '2023-03-27', 'VP Sales');
insert into employee_titles (employee_id, from_date, title) values (42, '2022-07-04', 'Food Chemist');
insert into employee_titles (employee_id, from_date, title) values (43, '2023-03-02', 'Staff Scientist');
insert into employee_titles (employee_id, from_date, title) values (44, '2022-08-04', 'Database Administrator II');
insert into employee_titles (employee_id, from_date, title) values (45, '2022-07-16', 'Electrical Engineer');
insert into employee_titles (employee_id, from_date, title) values (46, '2023-04-18', 'Teacher');
insert into employee_titles (employee_id, from_date, title) values (47, '2023-04-13', 'Data Coordinator');
insert into employee_titles (employee_id, from_date, title) values (48, '2023-03-09', 'Safety Technician II');
insert into employee_titles (employee_id, from_date, title) values (49, '2022-10-09', 'Sales Representative');
insert into employee_titles (employee_id, from_date, title) values (50, '2022-04-13', 'Biostatistician I');
insert into employee_titles (employee_id, from_date, title) values (51, '2022-08-23', 'Budget/Accounting Analyst III');
insert into employee_titles (employee_id, from_date, title) values (52, '2022-11-03', 'Health Coach II');
insert into employee_titles (employee_id, from_date, title) values (53, '2022-06-05', 'Developer II');
insert into employee_titles (employee_id, from_date, title) values (54, '2022-08-08', 'Information Systems Manager');
insert into employee_titles (employee_id, from_date, title) values (55, '2022-10-14', 'Geologist II');
insert into employee_titles (employee_id, from_date, title) values (56, '2022-09-19', 'Occupational Therapist');
insert into employee_titles (employee_id, from_date, title) values (57, '2023-05-11', 'Teacher');
insert into employee_titles (employee_id, from_date, title) values (58, '2023-01-01', 'Marketing Manager');
insert into employee_titles (employee_id, from_date, title) values (59, '2023-03-05', 'Biostatistician II');
insert into employee_titles (employee_id, from_date, title) values (60, '2023-04-02', 'VP Marketing');
insert into employee_titles (employee_id, from_date, title) values (61, '2022-01-13', 'Human Resources Assistant III');
insert into employee_titles (employee_id, from_date, title) values (62, '2022-11-09', 'Social Worker');
insert into employee_titles (employee_id, from_date, title) values (63, '2022-07-18', 'Product Engineer');
insert into employee_titles (employee_id, from_date, title) values (64, '2022-01-08', 'Nurse Practicioner');
insert into employee_titles (employee_id, from_date, title) values (65, '2022-11-12', 'Automation Specialist IV');
insert into employee_titles (employee_id, from_date, title) values (66, '2023-01-05', 'Desktop Support Technician');
insert into employee_titles (employee_id, from_date, title) values (67, '2022-01-17', 'Structural Engineer');
insert into employee_titles (employee_id, from_date, title) values (68, '2023-04-04', 'Marketing Manager');
insert into employee_titles (employee_id, from_date, title) values (69, '2023-01-30', 'Editor');
insert into employee_titles (employee_id, from_date, title) values (70, '2023-04-01', 'Database Administrator I');
insert into employee_titles (employee_id, from_date, title) values (71, '2023-01-22', 'Geologist I');
insert into employee_titles (employee_id, from_date, title) values (72, '2022-07-30', 'Technical Writer');
insert into employee_titles (employee_id, from_date, title) values (73, '2022-08-06', 'Desktop Support Technician');
insert into employee_titles (employee_id, from_date, title) values (74, '2022-04-25', 'Senior Quality Engineer');
insert into employee_titles (employee_id, from_date, title) values (75, '2022-03-14', 'Operator');
insert into employee_titles (employee_id, from_date, title) values (76, '2022-04-11', 'Analyst Programmer');
insert into employee_titles (employee_id, from_date, title) values (77, '2022-09-15', 'Physical Therapy Assistant');
insert into employee_titles (employee_id, from_date, title) values (78, '2022-04-20', 'Research Nurse');
insert into employee_titles (employee_id, from_date, title) values (79, '2022-07-19', 'Nurse Practicioner');
insert into employee_titles (employee_id, from_date, title) values (80, '2022-02-26', 'Desktop Support Technician');
insert into employee_titles (employee_id, from_date, title) values (81, '2022-05-07', 'GIS Technical Architect');
insert into employee_titles (employee_id, from_date, title) values (82, '2022-04-05', 'Engineer II');
insert into employee_titles (employee_id, from_date, title) values (83, '2023-02-16', 'Accounting Assistant III');
insert into employee_titles (employee_id, from_date, title) values (84, '2023-04-27', 'Assistant Media Planner');
insert into employee_titles (employee_id, from_date, title) values (85, '2022-09-14', 'Sales Associate');
insert into employee_titles (employee_id, from_date, title) values (86, '2022-03-05', 'Teacher');
insert into employee_titles (employee_id, from_date, title) values (87, '2023-02-27', 'Web Developer I');
insert into employee_titles (employee_id, from_date, title) values (88, '2023-02-16', 'Nurse');
insert into employee_titles (employee_id, from_date, title) values (89, '2022-04-28', 'Automation Specialist I');
insert into employee_titles (employee_id, from_date, title) values (90, '2022-04-04', 'VP Marketing');
insert into employee_titles (employee_id, from_date, title) values (91, '2022-09-02', 'Tax Accountant');
insert into employee_titles (employee_id, from_date, title) values (92, '2023-01-14', 'Human Resources Assistant I');
insert into employee_titles (employee_id, from_date, title) values (93, '2022-09-06', 'Operator');
insert into employee_titles (employee_id, from_date, title) values (94, '2022-09-08', 'Help Desk Technician');
insert into employee_titles (employee_id, from_date, title) values (95, '2022-02-16', 'Executive Secretary');
insert into employee_titles (employee_id, from_date, title) values (96, '2022-08-06', 'Biostatistician III');
insert into employee_titles (employee_id, from_date, title) values (97, '2022-11-09', 'Clinical Specialist');
insert into employee_titles (employee_id, from_date, title) values (98, '2022-04-19', 'Safety Technician I');
insert into employee_titles (employee_id, from_date, title) values (99, '2023-04-14', 'Technical Writer');
insert into employee_titles (employee_id, from_date, title) values (100, '2022-06-15', 'Research Nurse');
